"Locality","Assemblage","GeoLayer.Name","Country","Locality.Type","longitude","latitude","Technocomplex","Geostrat..Info..age.min","Geostrat..Info..age.max","Geostrat..Info..correlation","Geostrat..Info..mis","NISP.Sum.class.Mammalia","NISP.Sum.order.Rodentia","NISP.Sum.family.Anatidae","meanage","sdage","millenium","bio01","bio05","bio06","bio10","bio11","bio12","bio19","npp","biome","centrank","Suit"
"Azokh-1 Cave","Azokh 1, human remains 02","Unit II","Azerbaijan","cave",46.98842,39.61997,"MP/ Mousterian - Eurasia",0,197000,"ESR (electron spin resonance) dating","",NA,NA,NA,107987,0.963571,108000,6.92006015777588,16.6821556091309,-1.86799681186676,21.9563522338867,-8.06583976745605,489.346099853516,179.226867675781,156.614791870117,14,3035,0.383023787940087
"Basura Cave","Basura CdO 1312","P2 SU3","Italy","cave",8.203028,44.139626,"",34959,50000,"14C (radiocarbon) dating","2",1,NA,NA,52315,1,52000,7.87489891052246,11.5108671188354,4.68453550338745,16.0097484588623,0.475844740867615,1065.58215332031,788.423767089844,364.093353271484,-1380669440,565,0.677138164263988
"Bau de l Aubesier","Bau de l Aubesier human remains 1","Trench L Unit IV","France","rock shelter",5.336539,44.043456,"MP/ Middle Paleolithic - Eurasia",104000,116000,"large mammal biostratigraphy, ESR (electron spin resonance) dating, U series (uranium-thorium) dating","5d",NA,NA,NA,108712,0.994949551,109000,7.96508932113647,13.2925710678101,3.24205303192139,16.8839778900146,0.302288472652435,751.134765625,467.945983886719,464.832397460938,10.9707355499268,372,0.671534116107145
"Bau de l Aubesier","Bau de l Aubesier Niveau IV fauna","Lower Slope Unit G","France","rock shelter",5.336539,44.043456,"MP/ Middle Paleolithic - Eurasia",71000,186000,"U series (uranium-thorium) dating, large mammal biostratigraphy","6-5a",NA,NA,NA,141138,0.994625357,141000,7.06955289840698,8.25908279418945,4.48459243774414,13.4711475372314,1.34987616539001,847.655700683594,756.776794433594,287.284271240234,8.66460990905762,123,0.719205169667967
"Bisnik Cave","Bisnik Cave layer 18 fauna","Layer 18","Poland","cave",19.665,50.426389,"MP/ Middle Paleolithic - Eurasia",130000,200000,"geology, TL (thermoluminescence) dating","6",4111,4102,NA,125428,0.53582076,125000,8.37831974029541,18.0054149627686,4.0445351600647,20.2772769927979,-1.33114004135132,672.622924804688,375.159606933594,551.017761230469,6,1810,0.572862484389678
"Bisnik Cave","Bisnik Cave layer 14 fauna","Layer 14","Poland","cave",19.665,50.426389,"MP/ Middle Paleolithic - Eurasia",115000,126000,"geology, TL (thermoluminescence) dating","5e",594,574,NA,56003,0.767268808,56000,1.41460287570953,9.35164833068848,-5.35118675231934,13.2836847305298,-9.8892936706543,574.833618164062,259.051025390625,371.661224365234,9.76957893371582,4362,0.309610228542552
"Bisnik Cave","Bisnik Cave layer 13 fauna","Layer 13","Poland","cave",19.665,50.426389,"MP/ Middle Paleolithic - Eurasia",110000,126000,"geology, TL (thermoluminescence) dating","5e-5d",1442,1438,NA,63410,0.999225365,63000,-1.31525027751923,6.64184236526489,-8.99609088897705,10.592321395874,-13.3207063674927,550.430358886719,198.400909423828,316.258514404297,10.4817962646484,5238,0.138802470003535
"Bisnik Cave","Bisnik Cave layer 12 fauna","Layer 12","Poland","cave",19.665,50.426389,"MP/ Middle Paleolithic - Eurasia",110000,115000,"geology, OSL (optically stimulated thermoluminescence) dating, TL (thermoluminescence) dating","5d",478,464,NA,91109,0.997954685,91000,2.86248159408569,8.52380466461182,-4.70730972290039,13.3531618118286,-9.10041999816895,611.857360839844,290.066619873047,465.873931884766,9,4020,0.405245158784572
"Bisnik Cave","Bisnik Cave layer 11 fauna","Layer 11","Poland","cave",19.665,50.426389,"MP/ Middle Paleolithic - Eurasia",90000,110000,"geology, TL (thermoluminescence) dating","5c",177,165,NA,66000,1,66000,-1.51931130886078,4.66082525253296,-9.00241565704346,9.25704383850098,-13.2281074523926,555.508361816406,209.948211669922,295.154418945312,10,5420,0.132086623866874
"Bisnik Cave","Bisnik Cave layer 9 fauna","Layer 9","Poland","cave",19.665,50.426389,"MP/ Middle Paleolithic - Eurasia",70000,90000,"geology, TL (thermoluminescence) dating","5a",315,309,NA,95915,0.999729044,96000,5.84772539138794,9.08065509796143,0.896845519542694,14.7771301269531,-3.78451061248779,649.0146484375,381.453948974609,508.166076660156,7,2576,0.543578091407933
"Bisnik Cave","Bisnik Cave layer 8 fauna","Layer 8","Poland","cave",19.665,50.426389,"MP/ Micoquian",60000,74000,"geology, TL (thermoluminescence) dating","4",1293,1276,NA,106759,0.999929507,107000,2.43827199935913,12.6587944030762,-4.24368190765381,15.130202293396,-9.09108734130859,591.354675292969,248.072418212891,453.441772460938,8.97740268707275,3466,0.365230829800222
"Bojnice III Cave Moat","Bojnice III Cave Moat Cultural Layer VIII mammal fauna","Travertine 8","Slovakia","open air",18.577762,48.780333,"MP/ Middle Paleolithic - Eurasia",95000,115000,"mollusc biostratigraphy, large mammal biostratigraphy, macrobotanical remains","5d-5c",NA,NA,NA,105000,1,105000,2.78432202339172,13.2784957885742,-3.12370800971985,15.2974557876587,-8.17555618286133,805.413757324219,544.238586425781,434.576171875,8.34011840820312,1573,0.549701064839278
"Bollschweil","Bollschweil fauna","GE-1","Germany","open air",7.778593,47.932644,"MP/ Middle Paleolithic - Eurasia",81000,163000,"ESR (electron spin resonance) dating, geology","45082",299,NA,NA,105888,0.987557947,106000,5.50710916519165,12.8639354705811,0.906137228012085,15.3349580764771,-3.10987734794617,899.8076171875,633.851135253906,520.055908203125,7.93848037719727,774,0.635562706050185
"Bollschweil","Bollschweil fauna","GE-2","Germany","open air",7.778593,47.932644,"MP/ Middle Paleolithic - Eurasia",81000,163000,"ESR (electron spin resonance) dating, geology","45082",299,NA,NA,113255,0.975115995,113000,6.16105985641479,7.92263650894165,2.3279812335968,12.718976020813,-1.53909468650818,944.929443359375,681.977661132812,532.6650390625,7.54638719558716,812,0.638837304494513
"Bolomor Cave","Bolomor Cave, Level II, Micromammals","Nivel II","Spain","cave",-0.2498,39.0594,"MP/ Middle Paleolithic - Eurasia",103000,130000,"TL (thermoluminescence) dating, AAR (amino acid racemization) dating","5",NA,NA,NA,121000,0.999994294,121000,16.1571006774902,21.7823791503906,11.2303352355957,24.5824546813965,10.2226505279541,412.819274902344,240.517669677734,380.77783203125,-289371936,10849,0.130780285511628
"Burgtonna","Burgtonna L2, Micromammals","L2","Germany","open air",10.731923,51.073936,"MP/ Middle Paleolithic - Eurasia",116000,130000,"U series (uranium-thorium) dating, fauna, geology, macrobotanical remains","5e",11,11,NA,103089,1,103000,3.88004589080811,11.3470811843872,-0.345148116350174,14.2691555023193,-4.7193775177002,513.869140625,306.085510253906,362.930358886719,8,4240,0.365999794542513
"Caours","Caours N1 macrofauna","5","France","open air",1.8830556,50.131389,"MP/ Middle Paleolithic - Eurasia",109000,139000,"ESR (electron spin resonance) dating","5e",863,NA,NA,124000,0.999999798,124000,9.9939432144165,16.0105457305908,6.70556640625,17.8316211700439,3.65718078613281,719.535278320312,574.813720703125,487.08642578125,6,915,0.638139145500968
"Carihuela","Carihuela Unit VII human remains 01","Unit VII","Spain","cave",-3.429722,37.448889,"MP/ Mousterian - Eurasia",63400,91000,"ESR (electron spin resonance) dating","",NA,NA,NA,70733,0.998912201,71000,9.721266746521,11.9062118530273,5.83995199203491,16.1183815002441,4.33675765991211,552.994079589844,184.717788696289,125.593116760254,15,2526,0.463461726244382
"Carihuela","Carihuela Unit VIII - XI human remains 02","Unit VIII","Spain","cave",-3.429722,37.448889,"MP/ Mousterian - Eurasia",63400,64200,"ESR (electron spin resonance) dating, TL (thermoluminescence) dating","",NA,NA,NA,62932,1,63000,8.10439968109131,13.5489683151245,3.91099214553833,16.1086387634277,2.23878979682922,649.077880859375,119.08618927002,89.3462448120117,14,1127,0.550807791866712
"Carihuela","Carihuela Unit VIII - XI human remains 02","Unit X","Spain","cave",-3.429722,37.448889,"MP/ Mousterian - Eurasia",64200,84250,"U series (uranium-thorium) dating","",NA,NA,NA,84250,1,84000,11.7048664093018,21.7731323242188,5.19181871414185,23.2841720581055,3.64976072311401,588.016479492188,101.24178314209,159.993408203125,17.7027549743652,2632,0.487092432335898
"Carihuela","Carihuela Unit VIII - XI human remains 02","Unit XI","Spain","cave",-3.429722,37.448889,"MP/ Mousterian - Eurasia",82500,129880,"TL (thermoluminescence) dating, U series (uranium-thorium) dating","",NA,NA,NA,129736,1,130000,12.3308067321777,23.2787704467773,5.30698394775391,24.6221580505371,3.81537532806396,619.956115722656,96.4340057373047,172.748886108398,19.2279930114746,2584,0.50862403509533
"Champlost","Champlost occupation sector fauna","Unit 9","France","open air",3.681111,48.016795,"MP/ Middle Paleolithic - Eurasia",29000,71000,"ESR (electron spin resonance) dating, geology","45019",NA,NA,NA,54450,1,54000,6.78842353820801,12.8327579498291,1.85511136054993,15.4083032608032,-0.887889266014099,622.399780273438,488.873931884766,353.448791503906,11.4101591110229,1399,0.593258287185983
"Cova del Gegant","Cova del Gegant Episode 3a Human Remains","Episode 3a","Spain","cave",1.7743,41.2235,"MP/ Mousterian - Eurasia",47500,51100,"U series (uranium-thorium) dating","3",NA,NA,NA,50098,1,50000,11.1533308029175,14.968957901001,7.72007274627686,17.7878093719482,5.97568988800049,579.047180175781,414.713500976562,297.905395507812,-316077312,2110,0.532399983202221
"Cova del Gegant","Cova del Gegant Episode 6-0 Faunal Remains","Episode 1","Spain","cave",1.7743,41.2235,"MP/ Mousterian - Eurasia",50900,60500,"OSL (optically stimulated thermoluminescence) dating","3",NA,NA,NA,55686,1,56000,10.9470481872559,15.6866445541382,7.29868745803833,17.9759063720703,5.56994771957397,554.34765625,404.392822265625,288.624420166016,-316077312,2135,0.505231117037909
"Cova del Gegant","Cova del Gegant Episode 6-0 Faunal Remains","Episode 2","Spain","cave",1.7743,41.2235,"MP/ Mousterian - Eurasia",56100,63900,"OSL (optically stimulated thermoluminescence) dating","3",NA,NA,NA,60081,1,60000,10.869987487793,15.7485008239746,7.00801467895508,18.1148777008057,5.31763696670532,539.135620117188,371.866088867188,267.736724853516,-316077312,2110,0.483637632122094
"Covolo De Nadale","Covolo De Nadale Unit 7 Fauna","Unit 7","Italy","cave",11.3,45.26,"MP/ Mousterian - Eurasia",57000,71000,"U series (uranium-thorium) dating, geology, small mammal biostratigraphy","4",20903,NA,NA,70100,1,70000,6.74844360351562,7.89162731170654,3.20189166069031,13.8403759002686,-2.20613431930542,716.689697265625,589.553955078125,442.626831054688,16.3845329284668,586,0.64766752282038
"Cueva del Angel","Cueva del Angel Unit I - XVI Fauna","Unit VIII","Spain","cave",-4.478842,37.369444,"LP/ Acheulean - Europe",111000,132000,"U series (uranium-thorium) dating","",3560,NA,NA,121000,1,121000,15.9586391448975,22.8695755004883,9.79674911499023,26.346960067749,8.65498733520508,507.148376464844,72.5625076293945,228.488525390625,15,9356,0.225686313257219
"El Castillo","El Castillo Unit 21 human remains","Unit 21","Spain","cave",-3.966,43.292,"",59800,78400,"ESR (electron spin resonance) dating","",NA,NA,NA,69152,0.99999996,69000,6.05788040161133,7.12813472747803,3.20167970657349,9.85490036010742,2.1403603553772,939.751586914062,769.271728515625,62.9291572570801,-497885120,831,0.604964474482185
"El Castillo","El Castillo Unit 22 human remains","Unit 22","Spain","cave",-3.966,43.292,"",60700,80000,"ESR (electron spin resonance) dating","",NA,NA,NA,70245,0.999999937,70000,6.77121019363403,7.91982698440552,3.87018775939941,10.7703914642334,2.81390380859375,955.858581542969,793.821472167969,181.771530151367,-497885120,295,0.685796035292271
"El Castillo","El Castillo Exc. 1910-14 Unit 21 fauna","Unit 21","Spain","cave",-3.966,43.292,"",59800,78400,"ESR (electron spin resonance) dating","",40,NA,NA,63448,0.999999987,63000,5.45134592056274,8.27109050750732,2.12233877182007,10.2480173110962,1.04675376415253,901.927551269531,605.784118652344,68.0258941650391,-497885120,759,0.597164668424077
"El Castillo","El Castillo Exc. 1910-14 Unit 22 fauna","Unit 22","Spain","cave",-3.966,43.292,"",60700,80000,"ESR (electron spin resonance) dating","",1213,NA,NA,77679,0.999999987,78000,7.6558690071106,10.8991813659668,4.2850923538208,13.2037687301636,3.22478818893433,968.337951660156,678.317749023438,299.660980224609,-497885120,62,0.718729194099127
"El Salt","El Salt Fauna Unidad D Layer Xb","Unidad D","Spain","cave",-0.383,39.655,"MP/ Middle Paleolithic - Eurasia",44400,56900,"TL (thermoluminescence) dating, archaeological (cultural) stratigraphy","",724,157,NA,52300,1,52000,12.5508232116699,17.9236831665039,8.52033042907715,19.8425521850586,7.39895915985107,451.608703613281,214.765548706055,459.232788085938,-129938000,5055,0.28598670795227
"Fossellone","Fossellone human remains 01","Unit F26","Italy","cave",13.1,41.24,"MP/ Late Mousterian - Eurasia",51000,56000,"14C (radiocarbon) dating, TL (thermoluminescence) dating","",NA,NA,NA,55613,1,56000,11.6711454391479,17.0938148498535,7.04567337036133,19.5656089782715,5.15835189819336,712.259704589844,334.981475830078,140.733810424805,-515325440,1279,0.592747502674162
"Geißenklösterle","Geißenklösterle Geological Horizon 21 Fauna","GH 21","Germany","rock shelter",9.7713,48.3983,"MP/ Mousterian - Eurasia",64000,104000,"ESR (electron spin resonance) dating, archaeological (cultural) stratigraphy","5d-5c",61,60,NA,51780,0.999999999,52000,3.93293452262878,9.38438606262207,-0.546005845069885,13.2981376647949,-4.74326419830322,685.99462890625,398.984252929688,392.880676269531,8.97255706787109,1907,0.554451474817232
"Grotta Maggiore di San Bernardino","Grotta Maggiore di San Bernardino Layer VI fauna","Unit VI","Italy","cave",11.553914,45.423019,"",101000,154000,"ESR (electron spin resonance) dating, U series (uranium-thorium) dating, geology","",651,41,1,133000,0.936105837,133000,6.3104362487793,12.5704030990601,0.38672211766243,16.6560287475586,-4.31047058105469,828.802795410156,689.596496582031,434.073272705078,13.4207696914673,347,0.687900448865712
"Grotta Maggiore di San Bernardino","Grotta Maggiore di San Bernardino Layer V -IV fauna","Unit IV","Italy","cave",11.553914,45.423019,"",65000,101000,"ESR (electron spin resonance) dating, U series (uranium-thorium) dating, geology","",233,8,2,83000,0.999767395,83000,8.10753440856934,16.8493309020996,2.73023128509521,19.8355464935303,-2.20040130615234,840.90576171875,698.471130371094,463.514251708984,10.2112827301025,208,0.700975879943404
"Grotta Maggiore di San Bernardino","Grotta Maggiore di San Bernardino Layer V -IV fauna","Unit V","Italy","cave",11.553914,45.423019,"",101000,154000,"ESR (electron spin resonance) dating, U series (uranium-thorium) dating, geology","",233,8,2,108000,0.999999997,108000,6.263023853302,14.1152000427246,0.96038556098938,17.2969036102295,-3.97699213027954,795.358337402344,639.807312011719,398.633056640625,18.4966945648193,236,0.687833968285909
"Grotta di Santo Agostino","Grotta di Santo Agostino Unit A2 Fauna","Unit A2","Italy","cave",13.494,41.234,"MP/ Middle Paleolithic - Eurasia",43000,60000,"ESR (electron spin resonance) dating, U series (uranium-thorium) dating, geology","",455,78,NA,53000,0.999998788,53000,12.5728130340576,17.813419342041,7.92720937728882,20.551513671875,5.83541011810303,733.010803222656,365.259124755859,210.512573242188,-32874268,1268,0.608028374030295
"Grotta di Santo Agostino","Grotta di Santo Agostino Unit A3 Fauna","Unit A3","Italy","cave",13.494,41.234,"MP/ Middle Paleolithic - Eurasia",43000,65000,"ESR (electron spin resonance) dating, U series (uranium-thorium) dating, geology","",249,47,NA,54000,0.999002429,54000,12.3716993331909,17.692756652832,7.74429845809937,20.3837585449219,5.65090560913086,725.73486328125,361.033172607422,200.956268310547,-32874268,1244,0.607433180338167
"Grotte du Lazaret","Grotte du Lazaret C-III UA 1-4 fauna","Unit C-III","France","cave",7.2949,43.6909,"LP/ Acheulean - Europe",130000,150000,"geology, ESR (electron spin resonance) dating, U series (uranium-thorium) dating","6",2127,NA,NA,117969,0.999999999,118000,12.4190301895142,13.6341848373413,10.2153177261353,18.7462882995605,7.11553001403809,910.571960449219,634.71875,375.056488037109,-521018112,596,0.670077707121472
"Grotte du Lazaret","Grotte du Lazaret C-III UA 5-7 fauna","Unit C-III","France","cave",7.2949,43.6909,"LP/ Acheulean - Europe",130000,150000,"geology, ESR (electron spin resonance) dating, U series (uranium-thorium) dating","6",1607,NA,NA,117313,0.999995476,117000,12.1176767349243,12.913893699646,9.90234470367432,18.0951061248779,6.80358600616455,898.928527832031,646.778503417969,428.252593994141,-521018112,506,0.667645549892003
"Grotte du Lazaret","Grotte du Lazaret C-III UA 8-9 fauna","Unit C-III","France","cave",7.2949,43.6909,"LP/ Acheulean - Europe",130000,150000,"geology, ESR (electron spin resonance) dating, U series (uranium-thorium) dating","6",1740,NA,NA,121890,0.999901851,122000,12.4926490783691,17.0884323120117,9.38358592987061,20.6534767150879,6.33660984039307,918.435668945312,578.575012207031,348.231689453125,-521018112,495,0.670158426570257
"Grotte du Lazaret","Grotte du Lazaret C-III UA 10-12 fauna","Unit C-III","France","cave",7.2949,43.6909,"LP/ Acheulean - Europe",130000,150000,"geology, ESR (electron spin resonance) dating, U series (uranium-thorium) dating","6",1696,NA,NA,118745,0.999999999,119000,12.2751941680908,14.0500020980835,10.01243019104,18.9867382049561,6.91046524047852,915.823547363281,622.295959472656,352.75390625,-521018112,580,0.676993912107413
"Guattari","Guattari Layer 0 Fauna","Layer 0","Italy","cave",13.1,41.24,"",11000,55000,"ESR (electron spin resonance) dating, geology","",957,NA,NA,62000,1,62000,10.4909734725952,15.4213781356812,5.78088617324829,18.4605331420898,3.98492908477783,676.782409667969,305.159149169922,163.371200561523,-515325440,781,0.605618136555323
"Guattari","Guattari Layer 1 Fauna","Layer 1","Italy","cave",13.1,41.24,"MP/ Middle Paleolithic - Eurasia",55000,80000,"ESR (electron spin resonance) dating, geology","",695,NA,NA,54051,0.999999692,54000,12.5499296188354,17.9318752288818,7.90799808502197,20.4553623199463,5.99496650695801,736.909118652344,345.499176025391,152.927398681641,-515325440,1500,0.586072606819349
"Guattari","Guattari Layer 5 Fauna","Layer 5","Italy","cave",13.1,41.24,"MP/ Middle Paleolithic - Eurasia",55000,80000,"ESR (electron spin resonance) dating, geology","",49,NA,NA,71099,0.999996908,71000,11.9326229095459,14.3388748168945,8.27459239959717,17.8270893096924,6.35848999023438,688.226257324219,356.138305664062,148.473724365234,-515325440,1407,0.571924089470379
"Jänschwalde","JW Unit 10 Fauna","Unit 10","Germany","open air",14.540268,51.860265,"MP/ Middle Paleolithic - Eurasia",129000,774000,"geology, macrobotanical remains, palynology","6",61,NA,NA,110000,1,110000,2.73348760604858,9.80378913879395,-4.37185335159302,14.1782865524292,-9.05386352539062,480.147277832031,262.243377685547,471.086730957031,8.90195846557617,5417,0.243770353876946
"Jänschwalde","JW Unit 9 Micromammals","Unit 9","Germany","open air",14.540268,51.860265,"",116000,130000,"geology, macrobotanical remains, palynology","5e",NA,NA,NA,90832,1,91000,3.7724940776825,9.8111572265625,-3.85533142089844,14.8252477645874,-8.33383846282959,498.742431640625,312.156555175781,465.037658691406,4,5308,0.313182655687611
"Krapina","Krapina Layer c1 fauna","Complex II Unit c1","Croatia","rock shelter",15.8636111,46.1652778,"MP/ Mousterian - Eurasia",120000,140000,"ESR (electron spin resonance) dating","5",NA,NA,NA,133372,0.954395138,133000,4.70650863647461,11.6472492218018,-2.51484203338623,15.410961151123,-6.78770017623901,1031.15686035156,627.569519042969,556.123229980469,5.55437755584717,1941,0.546217376190325
"Krapina","Krapina Layer c5 fauna","Complex II Unit c5","Croatia","rock shelter",15.8636111,46.1652778,"MP/ Mousterian - Eurasia",120000,140000,"ESR (electron spin resonance) dating","5",NA,NA,NA,130966,0.599912598,131000,6.46661186218262,16.1373882293701,-0.884828150272369,18.7284545898438,-5.36720848083496,1040.2685546875,650.704833984375,690.494995117188,4,3405,0.460850606828608
"Krapina","Krapina Layer c7 fauna","Complex II Unit c7","Croatia","rock shelter",15.8636111,46.1652778,"MP/ Mousterian - Eurasia",120000,140000,"ESR (electron spin resonance) dating","5",NA,NA,NA,69700,1,70000,3.82422208786011,5.43448781967163,-0.496541500091553,10.7832813262939,-5.06018829345703,1016.89672851562,640.22607421875,502.913818359375,9.70359039306641,1459,0.552342546251545
"Krapina","Krapina Layer c9 fauna","Complex II Unit c9","Croatia","rock shelter",15.8636111,46.1652778,"MP/ Mousterian - Eurasia",120000,140000,"ESR (electron spin resonance) dating","5",NA,NA,NA,87327,1,87000,4.46969556808472,12.4860000610352,-2.62616157531738,15.7841939926147,-6.99932479858398,1021.29010009766,637.6845703125,534.720397949219,5.55437755584717,1561,0.55775291251912
"Kulna Cave","Kulna layer 9 fauna","Unit 9b","Czech Republic","cave",16.7379833,49.4076306,"MP/ Micoquian",65100,77500,"ESR (electron spin resonance) dating, OSL (optically stimulated thermoluminescence) dating","",NA,NA,NA,70211,0.999999999,70000,0.72078263759613,3.25538516044617,-4.37704563140869,8.97038650512695,-9.14184284210205,522.452270507812,277.519683837891,302.108795166016,10,5185,0.21894613769978
"Kulna Cave","Kulna layer 11a fauna","Unit 11","Czech Republic","cave",16.7379833,49.4076306,"MP/ Middle Paleolithic - Eurasia",70600,84400,"stratigraphy","",NA,NA,NA,76664,0.926036999,77000,3.56997847557068,8.27081298828125,-0.457430452108383,12.8809900283813,-5.63136529922485,558.619445800781,303.337158203125,407.168090820312,9.14306640625,3687,0.401657010058852
"Kulna Cave","Kulna layer 12 fauna","Unit 12a","Czech Republic","cave",16.7379833,49.4076306,"MP/ Middle Paleolithic - Eurasia",84800,102200,"OSL (optically stimulated thermoluminescence) dating","",NA,NA,NA,93500,1,94000,4.66130018234253,7.74583101272583,-0.785829126834869,13.4404268264771,-5.63612079620361,588.437194824219,368.110107421875,468.229095458984,7.58858489990234,3584,0.462166485653297
"Kulna Cave","Kulna layer 14, micromammals","Unit 14","Czech Republic","cave",16.7379833,49.4076306,"MP/ Middle Paleolithic - Eurasia",89200,106800,"OSL (optically stimulated thermoluminescence) dating","",NA,NA,NA,98000,1,98000,5.477614402771,9.31766319274902,1.34480202198029,14.9547605514526,-3.78441023826599,595.281311035156,357.751312255859,451.20849609375,7.30801677703857,3049,0.506283381675236
"La Chaise - Bourgeois-Delaunay","La Chaise - Bourgeois-Delaunay Layer 8","Unit 8 prime","France","cave",0.446667,45.67,"MP/ Mousterian - Eurasia",91000,116000,"geology, large mammal biostratigraphy, micromorphology","5d",NA,NA,NA,70500,0.999999986,70000,6.43370866775513,7.49739408493042,3.10350680351257,11.0959625244141,1.33439528942108,787.763122558594,706.47607421875,344.083923339844,14.4576940536499,220,0.696358722541326
"La Chaise - Suard","La Chaise - Suard Layer III - VIII","Layer III","France","cave",0.446667,45.67,"MP/ Mousterian - Eurasia",126000,287000,"geology","",NA,NA,NA,70618,1,71000,7.39795112609863,8.68477344512939,4.03370141983032,12.3857908248901,2.20814442634583,803.521728515625,730.529479980469,369.009643554688,5.43889665603638,132,0.712259944500523
"La Ferrassie_Grand Abri","La Ferrassie_Grand Abri Unit B new layer 3 fauna","Peyrony Unit B","France","rock shelter",0.938124,44.951776,"",41800,78800,"archaeological (cultural) stratigraphy, OSL (optically stimulated thermoluminescence) dating","",102,NA,NA,53563,1,54000,8.48123168945312,13.5425615310669,4.21612691879272,15.5791959762573,2.3099410533905,768.818542480469,673.389709472656,385.386322021484,11.0369129180908,250,0.704344698682946
"La Ferrassie_Grand Abri","La Ferrassie_Grand Abri Unit A fauna","Peyrony Unit A","France","rock shelter",0.938124,44.951776,"MP/ Mousterian of Acheulean Tradition",58500,100300,"archaeological (cultural) stratigraphy, OSL (optically stimulated thermoluminescence) dating","",65,NA,NA,75436,1,75000,9.328537940979,11.880199432373,5.82451391220093,15.4997911453247,3.83575654029846,789.810607910156,710.226440429688,462.528167724609,6,449,0.688110074318631
"La Quina - Amont","La Quina, Hominid 5","Unit L","France","collapsed shelter",0.293622,45.507384,"MP/ Mousterian - Eurasia",60000,71000,"archaeological (cultural) stratigraphy, geology, stratigraphy","45019",NA,NA,NA,55600,1,56000,7.5048131942749,12.1166191101074,3.52300643920898,14.142804145813,1.76535189151764,741.19677734375,621.850219726562,333.700347900391,14.5554056167603,311,0.692448448609055
"Lezetxiki","Lezetxiki Unit VII human remains","Unit VII","Spain","cave",-2.52917,43.079221,"MP/ Mousterian - Eurasia",126000,300000,"large mammal biostratigraphy, geology, U series (uranium-thorium) dating, ESR (electron spin resonance) dating","6",NA,NA,NA,121454,0.918270495,121000,11.0199251174927,16.0319137573242,6.53567934036255,18.6404209136963,5.33377599716187,992.021118164062,631.775817871094,507.589477539062,11.6959066390991,887,0.642761321359617
"Mezmaiskaya Cave","Mezmaiskaya Cave layer 3 fauna","Layer 3","Russia","cave",40,44.166,"MP/ Middle Paleolithic - Eurasia",60000,70000,"14C (radiocarbon) dating, archaeological (cultural) stratigraphy","4",592,378,NA,65470,1,65000,2.15266799926758,7.25932884216309,-4.80607748031616,12.1540288925171,-9.8303108215332,1035.08081054688,717.688598632812,589.329650878906,9.30139446258545,2428,0.388760552669652
"Moula Guercy","Moula-Guercy layer IV fauna","Layer IV","France","cave",4.8563889,44.876667,"MP/ Middle Paleolithic - Eurasia",50000,72000,"14C (radiocarbon) dating, biostratigraphy","45019",NA,NA,NA,52000,0.5,52000,6.45008420944214,10.8550844192505,2.63854956626892,14.4590930938721,-0.658790707588196,1039.96752929688,945.832946777344,449.233337402344,6.8796181678772,817,0.652069124529133
"Moula Guercy","Moula-Guercy layer V-VII fauna","Layer VI","France","cave",4.8563889,44.876667,"",60000,84000,"TL (thermoluminescence) dating","4",NA,NA,NA,72000,0.999992658,72000,6.93185806274414,7.68428182601929,4.15647554397583,13.0449857711792,0.757085204124451,1002.81225585938,942.036865234375,437.383117675781,13.0369453430176,489,0.681596628699291
"Nahal Mahanayeem Outlet","NMO, Layer 4, Fauna","Unit 4","Israel","open air",35.6309,33.0267,"MP/ Mousterian - Levant",47000,77000,"OSL (optically stimulated thermoluminescence) dating","",100,NA,NA,64495,1,64000,11.5689725875854,18.8217506408691,5.11463832855225,19.7091083526611,3.46092009544373,662.2744140625,0,94.6972351074219,14.8317584991455,1272,0.526773319312542
"Neumark-Nord 1","NN1 layer 2 micromammals","layer 2","Germany","open air",11.898889,51.324444,"",116000,130000,"fauna, geology","5e",1,1,NA,140504,0.999999325,141000,1.17130839824677,4.81168985366821,-4.08216762542725,10.2958450317383,-8.05128574371338,346.470550537109,154.313400268555,243.717407226562,10,7408,0.0810642924201246
"Neumark-Nord 1","NN1 layer 6.1 micromammals","layer 6.1","Germany","open air",11.898889,51.324444,"MP/ Middle Paleolithic - Eurasia",116000,130000,"fauna, geology, macrobotanical remains, palynology","5e",61,58,NA,132000,0.999999993,132000,3.41123342514038,11.6955060958862,-4.15587568283081,15.1781902313232,-8.2454833984375,381.047760009766,126.061836242676,364.467102050781,13.0052690505981,7336,0.173347291994072
"Neumark-Nord 2","NN2/2A large mammal fauna","3.1","Germany","open air",11.902831,51.324214,"MP/ Middle Paleolithic - Eurasia",114000,138000,"TL (thermoluminescence) dating, fauna, geology, palynology, small mammal biostratigraphy","5e",NA,NA,NA,126000,1,126000,8.60194492340088,17.8586902618408,3.86399602890015,20.0871753692627,-0.879414021968842,466.132568359375,252.636352539062,477.214721679688,6,5055,0.364899202001239
"Neumark-Nord 2","NN2/2B large mammal fauna","2.3","Germany","open air",11.902831,51.324214,"MP/ Middle Paleolithic - Eurasia",102000,133000,"TL (thermoluminescence) dating, fauna, geology, macrobotanical remains, palynology, small mammal biostratigraphy","5e",NA,NA,NA,120301,1,120000,9.02966690063477,12.0301160812378,6.58246850967407,17.0220394134521,1.93003571033478,474.819152832031,359.997009277344,441.044647216797,6,5650,0.39306924080811
"Neumark-Nord 2","NN2/2B large mammal fauna","2.5","Germany","open air",11.902831,51.324214,"MP/ Middle Paleolithic - Eurasia",94000,149000,"TL (thermoluminescence) dating, fauna, geology, macrobotanical remains, palynology, small mammal biostratigraphy","5e",NA,NA,NA,131474,0.999999822,131000,4.88903188705444,13.8128786087036,-2.29977798461914,16.8306217193604,-6.54898643493652,406.695281982422,151.070785522461,403.291931152344,7,6810,0.243086353694642
"Ortvale Klde","Ortvale Klde Layer 10 fauna","Layer 10","Georgia","rock shelter",43.260541,42.313986,"MP/ Mousterian - Eurasia",48651,54016,"TL (thermoluminescence) dating, stratigraphy","",NA,NA,NA,50138,0.999999068,50000,5.50893831253052,10.7772607803345,-1.23411691188812,15.4227447509766,-6.44008922576904,890.666198730469,521.442932128906,448.830993652344,4.520911693573,584,0.670365110390974
"Payre","Payre unit D large mammals","Unit D1","France","rock shelter",4.736327,44.733977,"MP/ Middle Paleolithic - Eurasia",115000,178000,"small mammal biostratigraphy, U series (uranium-thorium) dating, large mammal biostratigraphy, ESR (electron spin resonance) dating","45082",1118,13,NA,141032,0.89409804,141000,4.78969383239746,4.9230055809021,2.46576118469238,10.8146619796753,-0.821784675121307,1088.40112304688,962.294860839844,310.103332519531,8.19891452789307,1164,0.600298446169796
"Pech de l Azé II","Pech de l Aze II Layer 4D Fauna","Layer 4D","France","cave",1.252997,44.858736,"MP/ Mousterian - Eurasia",74800,112100,"ESR (electron spin resonance) dating, OSL (optically stimulated thermoluminescence) dating","",NA,NA,NA,105300,1,105000,8.200270652771,14.7290239334106,3.45973110198975,16.2847843170166,1.53499865531921,688.68212890625,472.060180664062,368.693359375,15,513,0.66275112974911
"Pech de l Azé II","Pech de l Aze II Layer 4B Fauna","Layer 4B","France","cave",1.252997,44.858736,"MP/ Denticulate Mousterian",74800,95800,"ESR (electron spin resonance) dating, OSL (optically stimulated thermoluminescence) dating","",NA,NA,NA,83883,1,84000,9.10894107818604,16.2307453155518,3.82074546813965,17.5747394561768,1.94929504394531,707.097045898438,486.440307617188,402.559906005859,15,534,0.668547231421091
"Pech de l Azé II","Pech de l Aze II Layer 4A1 Fauna","Layer 4A","France","cave",1.252997,44.858736,"MP/ Mousterian - Eurasia",53700,87000,"ESR (electron spin resonance) dating, OSL (optically stimulated thermoluminescence) dating","",NA,NA,NA,78866,0.999999684,79000,8.08759498596191,12.5257415771484,4.21101331710815,14.8244247436523,2.2506856918335,738.969848632812,622.749206542969,370.418060302734,11.0369129180908,309,0.692215330096752
"Pech de l Azé II","Pech de l Aze II Layer 3 Fauna","Layer 3","France","cave",1.252997,44.858736,"MP/ Mousterian - Eurasia",56000,72000,"ESR (electron spin resonance) dating, OSL (optically stimulated thermoluminescence) dating","",NA,NA,NA,61757,0.999894726,62000,5.99406909942627,9.75477886199951,1.98733532428741,12.2986783981323,0.180503576993942,687.841247558594,607.9326171875,261.373962402344,6.32734251022339,582,0.630002967731594
"Pech de l Azé II","Pech de l Aze II Layer 2G1 Fauna","Layer 2G1","France","cave",1.252997,44.858736,"MP/ Mousterian - Eurasia",55100,69500,"ESR (electron spin resonance) dating, OSL (optically stimulated thermoluminescence) dating","",NA,NA,NA,64039,0.999994557,64000,5.36074209213257,8.05627155303955,1.6097731590271,10.9988842010498,-0.163776725530624,685.939453125,632.584594726562,78.6910171508789,14,1296,0.523592743891084
"Pech de l Azé II","Pech de l Aze II Layer 2F to 1 Fauna","Layer 1","France","cave",1.252997,44.858736,"",0,59000,"geology, stratigraphy","",NA,NA,NA,56031,0.999999994,56000,7.38699007034302,12.1771593093872,3.28976631164551,14.3022441864014,1.40701651573181,742.477172851562,651.146850585938,330.61181640625,13.5251750946045,314,0.692005092276719
"Pech de l Azé II","Pech de l Aze II Layer 2F to 1 Fauna","Layer 2E","France","cave",1.252997,44.858736,"MP/ Mousterian - Eurasia",54000,59000,"ESR (electron spin resonance) dating","",NA,NA,NA,56676,0.999999995,57000,7.51506900787354,12.4758682250977,3.32293295860291,14.5513172149658,1.43825590610504,733.08642578125,622.736938476562,337.306762695312,14.7139434814453,332,0.688261892465164
"Pech de l Azé II","Pech de l Aze II Layer 2F to 1 Fauna","Layer 2F","France","cave",1.252997,44.858736,"MP/ Mousterian - Eurasia",54000,59000,"ESR (electron spin resonance) dating","",NA,NA,NA,54318,0.999999992,54000,8.48123168945312,13.5425615310669,4.21612691879272,15.5791959762573,2.3099410533905,768.818542480469,673.389709472656,385.386322021484,11.0369129180908,250,0.704344698682946
"Pech de l Azé II","Pech de l Aze II Layer 4C Fauna","Layer 4C","France","cave",1.252997,44.858736,"MP/ Mousterian - Eurasia",74800,95800,"ESR (electron spin resonance) dating, OSL (optically stimulated thermoluminescence) dating, stratigraphy","",NA,NA,NA,71114,0.99999336,71000,7.92452192306519,9.03963851928711,4.59938812255859,12.9201717376709,2.71484231948853,771.704711914062,705.06298828125,373.285614013672,5.74951505661011,202,0.705401932870504
"Pech de l Azé II","Pech de l Aze II Layer 5 Fauna","Layer 5","France","cave",1.252997,44.858736,"",128000,146000,"ESR (electron spin resonance) dating","",NA,NA,NA,144773,0.949756324,145000,6.16308403015137,8.3090648651123,3.24402523040771,11.8014898300171,1.30896806716919,754.588500976562,680.350341796875,267.412902832031,9.62205028533936,288,0.674651449434963
"Quneitra","Quneitra, Fauna","Unit 3","Israel","open air",35.816278,33.128351,"MP/ Mousterian - Levant",48000,59800,"ESR (electron spin resonance) dating","3",99,NA,NA,53900,0.999999995,54000,13.5811548233032,21.03005027771,7.06941413879395,21.9555130004883,5.44410753250122,641.073120117188,0,131.392425537109,19.8336486816406,3161,0.454887961709772
"Riparo del Poggio","Riparo del Poggio Layer 17 fauna","Unit 17","Italy","hill slope",15.387452,39.997665,"MP/ Mousterian - Eurasia",102800,120800,"TL (thermoluminescence) dating","5",3,NA,NA,111800,1,112000,9.94193744659424,12.335732460022,6.39946794509888,17.2797966003418,3.14485311508179,651.077819824219,404.594848632812,362.675933837891,-1333801216,866,0.62736203045202
"Roc de Marsal","Roc de Marsal 1","Layer 5","France","cave",0.977979,44.89517,"MP/ Mousterian - Eurasia",46900,81200,"TL (thermoluminescence) dating, archaeological (cultural) stratigraphy, geology","4",NA,NA,NA,76505,1,77000,8.60793209075928,11.9461088180542,5.03444671630859,15.0255889892578,3.05045437812805,767.517822265625,677.9453125,399.27783203125,6,248,0.701207307630911
"Sainte-Anne I","Sainte-Anne I Layer J1 fauna","Unit J1","France","cave",3.83552,45.071273,"MP/ Middle Paleolithic - Eurasia",126000,190000,"geology, large mammal biostratigraphy, ESR (electron spin resonance) dating, U series (uranium-thorium) dating","6",119,NA,NA,91550,0.950926875,92000,5.65944051742554,8.77332592010498,1.60102188587189,12.3596477508545,-1.12667787075043,1069.41967773438,938.623413085938,412.999053955078,6.15671491622925,1152,0.628088216072065
"Scladina","Scladina human remains 1","unit 4A-CHE","Belgium","cave",5.0263,50.4855,"",57000,126000,"U series (uranium-thorium) dating","45050",NA,NA,NA,127000,0.933733319,127000,8.72847175598145,18.4914112091064,2.6982524394989,19.5395412445068,-0.204893752932549,811.242065429688,680.093017578125,507.769317626953,6,422,0.67539634486308
"Scladina","Scladina unit 5 fauna","unit 5","Belgium","cave",5.0263,50.4855,"MP/ Middle Paleolithic - Eurasia",71000,126000,"TL (thermoluminescence) dating","5",NA,NA,NA,130000,0.999767374,130000,6.70474624633789,16.2117176055908,-0.371301382780075,17.6410312652588,-3.06232810020447,782.267822265625,649.71875,468.261016845703,7,559,0.669050656060561
"Stuttgart-Unterturkheim","Stuttgart Untertuerkheim Biedermann Cave Fauna","Upper Travertine","Germany","open air",9.244974,48.790701,"MP/ Mousterian - Eurasia",93000,109000,"geology, small mammal biostratigraphy, U series (uranium-thorium) dating","5c",253,13,NA,105500,1,106000,5.6640477180481,13.7269773483276,0.617389976978302,16.0838050842285,-3.51874589920044,603.979248046875,362.788909912109,479.789154052734,7.09948635101318,2092,0.508210431261991
"Stuttgart-Unterturkheim","Stuttgart Untertuerkheim Lower Travertine Calcified Tree Stump S1 Fauna","Lower Travertine","Germany","open air",9.244974,48.790701,"MP/ Mousterian - Eurasia",116000,130000,"U series (uranium-thorium) dating, geology, palynology, small mammal biostratigraphy","5e",487,20,11,106588,0.999532647,107000,4.03254270553589,11.5872859954834,-1.20300006866455,14.235502243042,-5.21562719345093,563.197021484375,296.899169921875,428.319366455078,8.13547420501709,2718,0.422023874062681
"Tönchesberg 1","Tönchesberg 1 fauna IA (lower lava loess)","loess with lava 1","Germany","open air",7.359886,50.368036,"MP/ Middle Paleolithic - Eurasia",110000,141000,"TL (thermoluminescence) dating","5e",60,NA,NA,121000,1,121000,9.63444805145264,13.6177473068237,7.05047750473022,17.4997978210449,2.95792865753174,828.40087890625,675.236145019531,484.195709228516,6,304,0.687061135652457
"Tönchesberg 1","Tönchesberg 1 fauna 1B","loess with volcanic ash","Germany","open air",7.359886,50.368036,"MP/ Middle Paleolithic - Eurasia",60000,72000,"TL (thermoluminescence) dating","4",114,NA,NA,66000,1,66000,0.768571078777313,4.62374877929688,-4.20001268386841,8.85531616210938,-7.5762825012207,645.780029296875,465.372100830078,243.649826049805,10,3020,0.331093435776026
"Tönchesberg 2","Tönchesberg 2 Tö2D fauna","loess 3","Germany","open air",7.361494,50.368086,"MP/ Middle Paleolithic - Eurasia",105000,123000,"TL (thermoluminescence) dating","5d",16,NA,NA,114000,1,114000,6.45383214950562,7.81822395324707,2.54689002037048,12.7123346328735,-1.08280527591705,746.255126953125,640.977111816406,391.085021972656,6.22407484054565,496,0.673336617185347
